{"cameraMode":{"drawMode":0,"name":"Shaded","section":"Shading Mode"},"sceneLighting":true,"audioPlay":false,"sceneViewState":{"m_AlwaysRefresh":false,"showFog":true,"showSkybox":true,"showFlares":true,"showImageEffects":true,"showParticleSystems":true,"showVisualEffectGraphs":true,"m_FxEnabled":true},"in2DMode":false,"pivot":{"x":-4.861451625823975,"y":-0.6547287702560425,"z":6.155581474304199},"rotation":{"x":0.009309534914791584,"y":0.946560800075531,"z":-0.32137763500213625,"w":0.027255035936832429},"size":5.068544387817383,"orthographic":false}