{"cameraMode":{"drawMode":0,"name":"Shaded","section":"Shading Mode"},"sceneLighting":false,"audioPlay":false,"sceneViewState":{"m_AlwaysRefresh":false,"showFog":true,"showSkybox":false,"showFlares":true,"showImageEffects":true,"showParticleSystems":true,"showVisualEffectGraphs":true,"m_FxEnabled":true},"in2DMode":false,"pivot":{"x":0.24316489696502686,"y":-1.6168625354766846,"z":-2.6730270385742189},"rotation":{"x":0.14832954108715058,"y":-0.845838725566864,"z":0.3042702078819275,"w":0.41235560178756716},"size":3.848074197769165,"orthographic":false}