{"cameraMode":{"drawMode":0,"name":"Shaded","section":"Shading Mode"},"sceneLighting":false,"audioPlay":false,"sceneViewState":{"m_AlwaysRefresh":false,"showFog":true,"showSkybox":false,"showFlares":true,"showImageEffects":true,"showParticleSystems":true,"showVisualEffectGraphs":true,"m_FxEnabled":true},"in2DMode":false,"pivot":{"x":0.07456846535205841,"y":-0.29244667291641238,"z":0.03217688202857971},"rotation":{"x":0.02425030991435051,"y":0.9395291209220886,"z":-0.33479008078575137,"w":0.06804724782705307},"size":0.7228416204452515,"orthographic":false}