{"cameraMode":{"drawMode":0,"name":"Shaded","section":"Shading Mode"},"sceneLighting":false,"audioPlay":false,"sceneViewState":{"m_AlwaysRefresh":false,"showFog":true,"showSkybox":false,"showFlares":true,"showImageEffects":true,"showParticleSystems":true,"showVisualEffectGraphs":true,"m_FxEnabled":true},"in2DMode":false,"pivot":{"x":1.8307080268859864,"y":-0.005072207190096378,"z":6.724356174468994},"rotation":{"x":-0.05722159147262573,"y":0.8826254606246948,"z":-0.4531470239162445,"w":-0.11155087500810623},"size":0.02955317683517933,"orthographic":false}